,antecedents,consequents,antecedent support,consequent support,support,confidence,lift,leverage,conviction
32,"frozenset({'DIVISLAB.NS_down', 'BIOCON.NS_down', 'CADILAHC.NS_down', 'LUPIN.NS_down', 'IPCALAB.NS_down', 'GRANULES.NS_down', 'PFIZER.NS_down'})",frozenset({'AUROPHARMA.NS_down'}),0.03214556482183473,0.48688400303260043,0.030022744503411674,0.9339622641509433,1.9182438904003336,0.01437158322321284,7.770042239792039
36,"frozenset({'DIVISLAB.NS_down', 'TORNTPHARM.NS_down', 'BIOCON.NS_down', 'CADILAHC.NS_down', 'LUPIN.NS_down', 'IPCALAB.NS_down', 'PFIZER.NS_down'})",frozenset({'AUROPHARMA.NS_down'}),0.032752084912812736,0.48688400303260043,0.030326004548900682,0.9259259259259259,1.9017382377706264,0.01437953833888678,6.9270659590598935
134,"frozenset({'GLENMARK.NS_down', 'CIPLA.NS_down', 'TORNTPHARM.NS_down', 'BIOCON.NS_down', 'CADILAHC.NS_down', 'LUPIN.NS_down', 'DRREDDY.NS_down', 'SUNPHARMA.NS_down'})",frozenset({'DIVISLAB.NS_down'}),0.033206974981046244,0.3452615617892343,0.03062926459438969,0.9223744292237444,2.6715236542514686,0.019164172550137637,8.434571645185754
68,"frozenset({'GLENMARK.NS_down', 'CIPLA.NS_down', 'TORNTPHARM.NS_down', 'BIOCON.NS_down', 'CADILAHC.NS_down', 'GRANULES.NS_down', 'PFIZER.NS_down'})",frozenset({'DIVISLAB.NS_down'}),0.032600454890068235,0.3452615617892343,0.030022744503411674,0.9209302325581394,2.6673407482305356,0.018767060533027236,8.280515542077321
88,"frozenset({'CIPLA.NS_down', 'NATCOPHARM.NS_down', 'BIOCON.NS_down', 'CADILAHC.NS_down', 'STAR.NS_down', 'DRREDDY.NS_down', 'PFIZER.NS_down', 'AUROPHARMA.NS_down'})",frozenset({'DIVISLAB.NS_down'}),0.032600454890068235,0.3452615617892343,0.030022744503411674,0.9209302325581394,2.6673407482305356,0.018767060533027236,8.280515542077321
70,"frozenset({'GLENMARK.NS_down', 'CIPLA.NS_down', 'TORNTPHARM.NS_down', 'BIOCON.NS_down', 'CADILAHC.NS_down', 'GRANULES.NS_down', 'SUNPHARMA.NS_down'})",frozenset({'DIVISLAB.NS_down'}),0.035026535253980286,0.3452615617892343,0.03214556482183473,0.9177489177489179,2.6581265316443186,0.02005224855597982,7.9602410119309
15,"frozenset({'GLENMARK.NS_down', 'BIOCON.NS_down', 'CADILAHC.NS_down', 'DRREDDY.NS_down', 'IPCALAB.NS_down', 'PFIZER.NS_down', 'AUROPHARMA.NS_down'})",frozenset({'DIVISLAB.NS_down'}),0.035026535253980286,0.3452615617892343,0.03214556482183473,0.9177489177489179,2.6581265316443186,0.02005224855597982,7.9602410119309
27,"frozenset({'DIVISLAB.NS_down', 'GLENMARK.NS_down', 'BIOCON.NS_down', 'CADILAHC.NS_down', 'LUPIN.NS_down', 'IPCALAB.NS_down', 'PFIZER.NS_down'})",frozenset({'AUROPHARMA.NS_down'}),0.03684609552691433,0.48688400303260043,0.03381349507202426,0.9176954732510288,1.8848338978793322,0.01587372058575862,6.234359363153907
18,"frozenset({'GLENMARK.NS_down', 'TORNTPHARM.NS_down', 'BIOCON.NS_down', 'CADILAHC.NS_down', 'DRREDDY.NS_down', 'PFIZER.NS_down', 'AUROPHARMA.NS_down'})",frozenset({'DIVISLAB.NS_down'}),0.03684609552691433,0.3452615617892343,0.03381349507202426,0.9176954732510288,2.657971737413498,0.021091954584566502,7.955072024260807
67,"frozenset({'GLENMARK.NS_down', 'CIPLA.NS_down', 'TORNTPHARM.NS_down', 'NATCOPHARM.NS_down', 'BIOCON.NS_down', 'CADILAHC.NS_down', 'GRANULES.NS_down'})",frozenset({'DIVISLAB.NS_down'}),0.034723275208491285,0.3452615617892343,0.03184230477634572,0.9170305676855895,2.656045934952333,0.01985369254742462,7.8913211763297575
136,"frozenset({'GLENMARK.NS_down', 'CIPLA.NS_down', 'TORNTPHARM.NS_down', 'NATCOPHARM.NS_down', 'BIOCON.NS_down', 'CADILAHC.NS_down', 'STAR.NS_down', 'DRREDDY.NS_down'})",frozenset({'DIVISLAB.NS_down'}),0.032752084912812736,0.3452615617892343,0.030022744503411674,0.9166666666666666,2.654991948470209,0.018714708514560332,7.856861258529185
133,"frozenset({'GLENMARK.NS_down', 'CIPLA.NS_down', 'TORNTPHARM.NS_down', 'BIOCON.NS_down', 'CADILAHC.NS_down', 'STAR.NS_down', 'LUPIN.NS_down', 'DRREDDY.NS_down'})",frozenset({'DIVISLAB.NS_down'}),0.03442001516300228,0.3452615617892343,0.03153904473085671,0.9162995594713657,2.653928675763573,0.019655136538869418,7.822401340728623
85,"frozenset({'GLENMARK.NS_down', 'CIPLA.NS_down', 'TORNTPHARM.NS_down', 'BIOCON.NS_down', 'CADILAHC.NS_down', 'STAR.NS_down', 'DRREDDY.NS_down', 'AUROPHARMA.NS_down'})",frozenset({'DIVISLAB.NS_down'}),0.03426838514025777,0.3452615617892343,0.0313874147081122,0.915929203539823,2.652855993563958,0.019555858534591818,7.7879414229280535
13,"frozenset({'CIPLA.NS_down', 'BIOCON.NS_down', 'CADILAHC.NS_down', 'STAR.NS_down', 'LUPIN.NS_down', 'GRANULES.NS_down', 'PFIZER.NS_down'})",frozenset({'AUROPHARMA.NS_down'}),0.0357846853677028,0.48688400303260043,0.032752084912812736,0.9152542372881356,1.8798198987590329,0.015329094053723472,6.054768764215314
33,"frozenset({'DIVISLAB.NS_down', 'BIOCON.NS_down', 'CADILAHC.NS_down', 'STAR.NS_down', 'LUPIN.NS_down', 'GRANULES.NS_down', 'PFIZER.NS_down'})",frozenset({'AUROPHARMA.NS_down'}),0.037149355572403335,0.48688400303260043,0.03396512509476876,0.9142857142857143,1.8778306713529387,0.015877698143595582,5.986353297952992
73,"frozenset({'GLENMARK.NS_down', 'CIPLA.NS_down', 'TORNTPHARM.NS_down', 'NATCOPHARM.NS_down', 'BIOCON.NS_down', 'CADILAHC.NS_down', 'PFIZER.NS_down'})",frozenset({'DIVISLAB.NS_down'}),0.035329795299469294,0.3452615617892343,0.03229719484457923,0.9141630901287554,2.647740702415082,0.020099174541790513,7.627702805155424
86,"frozenset({'GLENMARK.NS_down', 'CIPLA.NS_down', 'TORNTPHARM.NS_down', 'BIOCON.NS_down', 'CADILAHC.NS_down', 'DRREDDY.NS_down', 'SUNPHARMA.NS_down', 'AUROPHARMA.NS_down'})",frozenset({'DIVISLAB.NS_down'}),0.03351023502653525,0.3452615617892343,0.03062926459438969,0.914027149321267,2.647346969597609,0.019059468513203826,7.615641833925229
89,"frozenset({'CIPLA.NS_down', 'NATCOPHARM.NS_down', 'TORNTPHARM.NS_down', 'BIOCON.NS_down', 'CADILAHC.NS_down', 'STAR.NS_down', 'DRREDDY.NS_down', 'AUROPHARMA.NS_down'})",frozenset({'DIVISLAB.NS_down'}),0.03335860500379075,0.3452615617892343,0.030477634571645186,0.9136363636363636,2.646215115582704,0.018960190508926226,7.581181916124651
97,"frozenset({'GLENMARK.NS_down', 'NATCOPHARM.NS_down', 'BIOCON.NS_down', 'CADILAHC.NS_down', 'LUPIN.NS_down', 'DRREDDY.NS_down', 'PFIZER.NS_down', 'AUROPHARMA.NS_down'})",frozenset({'DIVISLAB.NS_down'}),0.03335860500379075,0.3452615617892343,0.030477634571645186,0.9136363636363636,2.646215115582704,0.018960190508926226,7.581181916124651
80,"frozenset({'GLENMARK.NS_down', 'CIPLA.NS_down', 'TORNTPHARM.NS_down', 'NATCOPHARM.NS_down', 'BIOCON.NS_down', 'LUPIN.NS_down', 'PFIZER.NS_down'})",frozenset({'DIVISLAB.NS_down'}),0.034874905231235785,0.3452615617892343,0.03184230477634572,0.9130434782608696,2.6444979091481926,0.019801340528957715,7.529492039423811
102,"frozenset({'GLENMARK.NS_down', 'NATCOPHARM.NS_down', 'BIOCON.NS_down', 'CADILAHC.NS_down', 'STAR.NS_down', 'DRREDDY.NS_down', 'PFIZER.NS_down', 'AUROPHARMA.NS_down'})",frozenset({'DIVISLAB.NS_down'}),0.033055344958301744,0.3452615617892343,0.030174374526156178,0.9128440366972477,2.643920255607531,0.01876163450037103,7.512262080523519
141,"frozenset({'DIVISLAB.NS_down', 'GLENMARK.NS_down', 'CIPLA.NS_down', 'BIOCON.NS_down', 'CADILAHC.NS_down', 'STAR.NS_down', 'DRREDDY.NS_down', 'SUNPHARMA.NS_down', 'AUROPHARMA.NS_down'})",frozenset({'LUPIN.NS_down'}),0.033055344958301744,0.37513267626990143,0.030174374526156178,0.9128440366972477,2.4333898229661877,0.017774234506923652,7.169530345955865
17,"frozenset({'GLENMARK.NS_down', 'NATCOPHARM.NS_down', 'BIOCON.NS_down', 'CADILAHC.NS_down', 'DRREDDY.NS_down', 'PFIZER.NS_down', 'AUROPHARMA.NS_down'})",frozenset({'DIVISLAB.NS_down'}),0.03821076573161486,0.3452615617892343,0.034874905231235785,0.9126984126984127,2.64349847683181,0.021682196577575884,7.499731201323314
22,"frozenset({'NATCOPHARM.NS_down', 'BIOCON.NS_down', 'CADILAHC.NS_down', 'DRREDDY.NS_down', 'IPCALAB.NS_down', 'PFIZER.NS_down', 'AUROPHARMA.NS_down'})",frozenset({'DIVISLAB.NS_down'}),0.03290371493555724,0.3452615617892343,0.030022744503411674,0.9124423963133639,2.642756962532558,0.018662356496093428,7.4778021627229405
106,"frozenset({'GLENMARK.NS_down', 'BIOCON.NS_down', 'CADILAHC.NS_down', 'STAR.NS_down', 'DRREDDY.NS_down', 'PFIZER.NS_down', 'SUNPHARMA.NS_down', 'AUROPHARMA.NS_down'})",frozenset({'LUPIN.NS_down'}),0.03290371493555724,0.37513267626990143,0.030022744503411674,0.9124423963133639,2.4323191607464167,0.01767948586041416,7.136642592075322
109,"frozenset({'DIVISLAB.NS_down', 'GLENMARK.NS_down', 'CIPLA.NS_down', 'BIOCON.NS_down', 'STAR.NS_down', 'DRREDDY.NS_down', 'SUNPHARMA.NS_down', 'AUROPHARMA.NS_down'})",frozenset({'LUPIN.NS_down'}),0.03805913570887036,0.37513267626990143,0.034723275208491285,0.9123505976095617,2.4320744507821583,0.020446049773503373,7.129168102557031
78,"frozenset({'GLENMARK.NS_down', 'CIPLA.NS_down', 'TORNTPHARM.NS_down', 'NATCOPHARM.NS_down', 'BIOCON.NS_down', 'DRREDDY.NS_down', 'PFIZER.NS_down'})",frozenset({'DIVISLAB.NS_down'}),0.03442001516300228,0.3452615617892343,0.0313874147081122,0.9118942731277532,2.64116940328394,0.01950350651612491,7.43128127369218
116,"frozenset({'DIVISLAB.NS_down', 'CIPLA.NS_down', 'TORNTPHARM.NS_down', 'NATCOPHARM.NS_down', 'BIOCON.NS_down', 'STAR.NS_down', 'LUPIN.NS_down', 'SUNPHARMA.NS_down'})",frozenset({'AUROPHARMA.NS_down'}),0.03442001516300228,0.48688400303260043,0.0313874147081122,0.9118942731277532,1.8729189446519876,0.01462885994110685,5.8238665655799755
62,"frozenset({'GLENMARK.NS_down', 'CIPLA.NS_down', 'TORNTPHARM.NS_down', 'NATCOPHARM.NS_down', 'BIOCON.NS_down', 'CADILAHC.NS_down', 'DRREDDY.NS_down'})",frozenset({'DIVISLAB.NS_down'}),0.03745261561789234,0.3452615617892343,0.03411675511751327,0.9109311740890689,2.638379926709446,0.02118580655618789,7.3509270108208735
63,"frozenset({'GLENMARK.NS_down', 'CIPLA.NS_down', 'TORNTPHARM.NS_down', 'BIOCON.NS_down', 'CADILAHC.NS_down', 'DRREDDY.NS_down', 'PFIZER.NS_down'})",frozenset({'DIVISLAB.NS_down'}),0.0354814253222138,0.3452615617892343,0.03229719484457923,0.9102564102564102,2.63642557120818,0.020046822523323606,7.2956568829199595
132,"frozenset({'GLENMARK.NS_down', 'CIPLA.NS_down', 'NATCOPHARM.NS_down', 'BIOCON.NS_down', 'CADILAHC.NS_down', 'LUPIN.NS_down', 'DRREDDY.NS_down', 'SUNPHARMA.NS_down'})",frozenset({'DIVISLAB.NS_down'}),0.0354814253222138,0.3452615617892343,0.03229719484457923,0.9102564102564102,2.63642557120818,0.020046822523323606,7.2956568829199595
30,"frozenset({'GLENMARK.NS_down', 'TORNTPHARM.NS_down', 'BIOCON.NS_down', 'CADILAHC.NS_down', 'IPCALAB.NS_down', 'PFIZER.NS_down', 'AUROPHARMA.NS_down'})",frozenset({'DIVISLAB.NS_down'}),0.03366186504927976,0.3452615617892343,0.03062926459438969,0.9099099099099098,2.6354219832480696,0.019007116494736923,7.267596664139493
11,"frozenset({'GLENMARK.NS_down', 'CIPLA.NS_down', 'TORNTPHARM.NS_down', 'BIOCON.NS_down', 'CADILAHC.NS_down', 'LUPIN.NS_down', 'PFIZER.NS_down'})",frozenset({'AUROPHARMA.NS_down'}),0.035329795299469294,0.48688400303260043,0.03214556482183473,0.9098712446351933,1.8687638923603551,0.014944052660106767,5.693144156828777
98,"frozenset({'GLENMARK.NS_down', 'TORNTPHARM.NS_down', 'NATCOPHARM.NS_down', 'BIOCON.NS_down', 'CADILAHC.NS_down', 'LUPIN.NS_down', 'DRREDDY.NS_down', 'AUROPHARMA.NS_down'})",frozenset({'DIVISLAB.NS_down'}),0.03351023502653525,0.3452615617892343,0.030477634571645186,0.909502262443439,2.6342412915302944,0.018907838490459322,7.234859742228969
82,"frozenset({'GLENMARK.NS_down', 'CIPLA.NS_down', 'TORNTPHARM.NS_down', 'BIOCON.NS_down', 'CADILAHC.NS_down', 'LUPIN.NS_down', 'DRREDDY.NS_down', 'AUROPHARMA.NS_down'})",frozenset({'DIVISLAB.NS_down'}),0.03517816527672479,0.3452615617892343,0.03199393479909022,0.9094827586206896,2.634184801538624,0.019848266514768405,7.233300841185599
71,"frozenset({'GLENMARK.NS_down', 'CIPLA.NS_down', 'NATCOPHARM.NS_down', 'BIOCON.NS_down', 'CADILAHC.NS_down', 'LUPIN.NS_down', 'PFIZER.NS_down'})",frozenset({'DIVISLAB.NS_down'}),0.03684609552691433,0.3452615617892343,0.03351023502653525,0.9094650205761317,2.6341334258671885,0.020788694539077494,7.2318836584189095
23,"frozenset({'BIOCON.NS_down', 'CADILAHC.NS_down', 'STAR.NS_down', 'DRREDDY.NS_down', 'IPCALAB.NS_down', 'PFIZER.NS_down', 'AUROPHARMA.NS_down'})",frozenset({'DIVISLAB.NS_down'}),0.035026535253980286,0.3452615617892343,0.03184230477634572,0.9090909090909092,2.633049866251447,0.01974898851049081,7.202122820318429
107,"frozenset({'DIVISLAB.NS_down', 'GLENMARK.NS_down', 'CIPLA.NS_down', 'NATCOPHARM.NS_down', 'BIOCON.NS_down', 'DRREDDY.NS_down', 'SUNPHARMA.NS_down', 'AUROPHARMA.NS_down'})",frozenset({'LUPIN.NS_down'}),0.036694465504169826,0.37513267626990143,0.03335860500379075,0.9090909090909091,2.4233850224149336,0.019593311954917945,6.873540561031082
126,"frozenset({'GLENMARK.NS_down', 'CIPLA.NS_down', 'NATCOPHARM.NS_down', 'CADILAHC.NS_down', 'LUPIN.NS_down', 'DRREDDY.NS_down', 'IPCALAB.NS_down', 'SUNPHARMA.NS_down'})",frozenset({'AUROPHARMA.NS_down'}),0.03335860500379075,0.48688400303260043,0.030326004548900682,0.9090909090909091,1.8671611789020697,0.014084233409071705,5.644275966641393
35,"frozenset({'DIVISLAB.NS_down', 'BIOCON.NS_down', 'CADILAHC.NS_down', 'STAR.NS_down', 'LUPIN.NS_down', 'IPCALAB.NS_down', 'PFIZER.NS_down'})",frozenset({'AUROPHARMA.NS_down'}),0.03821076573161486,0.48688400303260043,0.034723275208491285,0.9087301587301588,1.8664202419263152,0.01611906463014173,5.621966575468905
119,"frozenset({'DIVISLAB.NS_down', 'GLENMARK.NS_down', 'NATCOPHARM.NS_down', 'BIOCON.NS_down', 'STAR.NS_down', 'LUPIN.NS_down', 'DRREDDY.NS_down', 'SUNPHARMA.NS_down'})",frozenset({'AUROPHARMA.NS_down'}),0.03654283548142532,0.48688400303260043,0.033206974981046244,0.9087136929460581,1.8663864232261766,0.015414852959688141,5.620952512233785
12,"frozenset({'CIPLA.NS_down', 'NATCOPHARM.NS_down', 'BIOCON.NS_down', 'CADILAHC.NS_down', 'LUPIN.NS_down', 'GRANULES.NS_down', 'PFIZER.NS_down'})",frozenset({'AUROPHARMA.NS_down'}),0.033206974981046244,0.48688400303260043,0.030174374526156178,0.908675799086758,1.8663085938888724,0.014006429618780972,5.618620166793025
4,"frozenset({'CIPLA.NS_down', 'BIOCON.NS_down', 'CADILAHC.NS_down', 'DRREDDY.NS_down', 'IPCALAB.NS_down', 'PFIZER.NS_down', 'AUROPHARMA.NS_down'})",frozenset({'DIVISLAB.NS_down'}),0.033206974981046244,0.3452615617892343,0.030174374526156178,0.908675799086758,2.6318475603764466,0.01870928248190412,7.169385898407885
81,"frozenset({'GLENMARK.NS_down', 'CIPLA.NS_down', 'TORNTPHARM.NS_down', 'NATCOPHARM.NS_down', 'BIOCON.NS_down', 'STAR.NS_down', 'PFIZER.NS_down'})",frozenset({'DIVISLAB.NS_down'}),0.03639120545868082,0.3452615617892343,0.033055344958301744,0.9083333333333333,2.6308556580295708,0.020490860526244697,7.142601144117443
69,"frozenset({'GLENMARK.NS_down', 'CIPLA.NS_down', 'TORNTPHARM.NS_down', 'BIOCON.NS_down', 'CADILAHC.NS_down', 'STAR.NS_down', 'GRANULES.NS_down'})",frozenset({'DIVISLAB.NS_down'}),0.03639120545868082,0.3452615617892343,0.033055344958301744,0.9083333333333333,2.6308556580295708,0.020490860526244697,7.142601144117443
10,"frozenset({'GLENMARK.NS_down', 'CIPLA.NS_down', 'BIOCON.NS_down', 'CADILAHC.NS_down', 'LUPIN.NS_down', 'IPCALAB.NS_down', 'PFIZER.NS_down'})",frozenset({'AUROPHARMA.NS_down'}),0.033055344958301744,0.48688400303260043,0.030022744503411674,0.908256880733945,1.86544818699482,0.013928625828490235,5.5929643669446545
91,"frozenset({'GLENMARK.NS_down', 'CIPLA.NS_down', 'NATCOPHARM.NS_down', 'BIOCON.NS_down', 'CADILAHC.NS_down', 'STAR.NS_down', 'PFIZER.NS_down', 'AUROPHARMA.NS_down'})",frozenset({'DIVISLAB.NS_down'}),0.033055344958301744,0.3452615617892343,0.030022744503411674,0.908256880733945,2.6306342241723173,0.01861000447762652,7.136648976497346
90,"frozenset({'GLENMARK.NS_down', 'CIPLA.NS_down', 'NATCOPHARM.NS_down', 'BIOCON.NS_down', 'CADILAHC.NS_down', 'LUPIN.NS_down', 'PFIZER.NS_down', 'AUROPHARMA.NS_down'})",frozenset({'DIVISLAB.NS_down'}),0.033055344958301744,0.3452615617892343,0.030022744503411674,0.908256880733945,2.6306342241723173,0.01861000447762652,7.136648976497346
129,"frozenset({'DIVISLAB.NS_down', 'GLENMARK.NS_down', 'CIPLA.NS_down', 'TORNTPHARM.NS_down', 'STAR.NS_down', 'DRREDDY.NS_down', 'SUNPHARMA.NS_down', 'AUROPHARMA.NS_down'})",frozenset({'LUPIN.NS_down'}),0.03623957543593632,0.37513267626990143,0.03290371493555724,0.9079497907949791,2.420343116529057,0.019309066015389474,6.7883313805224335
125,"frozenset({'DIVISLAB.NS_down', 'TORNTPHARM.NS_down', 'NATCOPHARM.NS_down', 'BIOCON.NS_down', 'STAR.NS_down', 'LUPIN.NS_down', 'DRREDDY.NS_down', 'SUNPHARMA.NS_down'})",frozenset({'AUROPHARMA.NS_down'}),0.03457164518574678,0.48688400303260043,0.0313874147081122,0.9078947368421052,1.8647043878771985,0.014555033708653083,5.570973681360334
138,"frozenset({'GLENMARK.NS_down', 'CIPLA.NS_down', 'NATCOPHARM.NS_down', 'CADILAHC.NS_down', 'STAR.NS_down', 'LUPIN.NS_down', 'DRREDDY.NS_down', 'PFIZER.NS_down'})",frozenset({'DIVISLAB.NS_down'}),0.03442001516300228,0.3452615617892343,0.031235784685367703,0.9074889867841409,2.628410130804308,0.01935187649338041,7.077410736849702
99,"frozenset({'DIVISLAB.NS_down', 'GLENMARK.NS_down', 'BIOCON.NS_down', 'CADILAHC.NS_down', 'STAR.NS_down', 'DRREDDY.NS_down', 'SUNPHARMA.NS_down', 'AUROPHARMA.NS_down'})",frozenset({'LUPIN.NS_down'}),0.037604245640636844,0.37513267626990143,0.03411675511751327,0.9072580645161291,2.4184991655149037,0.020010173811230395,6.737699838481069
95,"frozenset({'GLENMARK.NS_down', 'CIPLA.NS_down', 'NATCOPHARM.NS_down', 'BIOCON.NS_down', 'CADILAHC.NS_down', 'STAR.NS_down', 'LUPIN.NS_down', 'SUNPHARMA.NS_down'})",frozenset({'AUROPHARMA.NS_down'}),0.03426838514025777,0.48688400303260043,0.0310841546626232,0.9070796460176992,1.8630302913381271,0.014399426128071616,5.522105491172971
117,"frozenset({'GLENMARK.NS_down', 'CIPLA.NS_down', 'NATCOPHARM.NS_down', 'BIOCON.NS_down', 'STAR.NS_down', 'LUPIN.NS_down', 'DRREDDY.NS_down', 'SUNPHARMA.NS_down'})",frozenset({'AUROPHARMA.NS_down'}),0.0357846853677028,0.48688400303260043,0.03244882486732373,0.9067796610169492,1.8624141589557086,0.015025834008234464,5.504335240195742
19,"frozenset({'DIVISLAB.NS_down', 'BIOCON.NS_down', 'CADILAHC.NS_down', 'LUPIN.NS_down', 'DRREDDY.NS_down', 'GRANULES.NS_down', 'PFIZER.NS_down'})",frozenset({'AUROPHARMA.NS_down'}),0.0357846853677028,0.48688400303260043,0.03244882486732373,0.9067796610169492,1.8624141589557086,0.015025834008234464,5.504335240195742
29,"frozenset({'GLENMARK.NS_down', 'BIOCON.NS_down', 'CADILAHC.NS_down', 'STAR.NS_down', 'IPCALAB.NS_down', 'PFIZER.NS_down', 'AUROPHARMA.NS_down'})",frozenset({'DIVISLAB.NS_down'}),0.03730098559514784,0.3452615617892343,0.03381349507202426,0.9065040650406503,2.625557447932845,0.020934898529165788,7.002854599993398
38,"frozenset({'GLENMARK.NS_down', 'BIOCON.NS_down', 'CADILAHC.NS_down', 'DRREDDY.NS_down', 'IPCALAB.NS_down', 'SUNPHARMA.NS_down', 'AUROPHARMA.NS_down'})",frozenset({'LUPIN.NS_down'}),0.03730098559514784,0.37513267626990143,0.03381349507202426,0.9065040650406503,2.416489211375541,0.019820676518211407,6.6833635494610455
137,"frozenset({'GLENMARK.NS_down', 'TORNTPHARM.NS_down', 'NATCOPHARM.NS_down', 'BIOCON.NS_down', 'CADILAHC.NS_down', 'STAR.NS_down', 'LUPIN.NS_down', 'DRREDDY.NS_down'})",frozenset({'DIVISLAB.NS_down'}),0.03396512509476876,0.3452615617892343,0.030780894617134194,0.9062500000000001,2.624821585419412,0.019054042480547616,6.983876674248176
1,"frozenset({'STAR.NS_up', 'PFIZER.NS_up', 'GLENMARK.NS_up', 'CIPLA.NS_up', 'DIVISLAB.NS_up', 'DRREDDY.NS_up', 'TORNTPHARM.NS_up'})",frozenset({'AUROPHARMA.NS_up'}),0.03396512509476876,0.4759666413949962,0.030780894617134194,0.9062500000000001,1.9040199904428163,0.014614628101216203,5.58968915845338
87,"frozenset({'CIPLA.NS_down', 'TORNTPHARM.NS_down', 'BIOCON.NS_down', 'CADILAHC.NS_down', 'STAR.NS_down', 'LUPIN.NS_down', 'DRREDDY.NS_down', 'AUROPHARMA.NS_down'})",frozenset({'DIVISLAB.NS_down'}),0.0354814253222138,0.3452615617892343,0.03214556482183473,0.905982905982906,2.624047986366827,0.019895192500579105,6.964036115514508
14,"frozenset({'DIVISLAB.NS_down', 'GLENMARK.NS_down', 'BIOCON.NS_down', 'CADILAHC.NS_down', 'DRREDDY.NS_down', 'IPCALAB.NS_down', 'PFIZER.NS_down'})",frozenset({'AUROPHARMA.NS_down'}),0.0354814253222138,0.48688400303260043,0.03214556482183473,0.905982905982906,1.8607777218801822,0.014870226427652997,5.457688331380522
64,"frozenset({'GLENMARK.NS_down', 'CIPLA.NS_down', 'TORNTPHARM.NS_down', 'BIOCON.NS_down', 'CADILAHC.NS_down', 'DRREDDY.NS_down', 'SUNPHARMA.NS_down'})",frozenset({'DIVISLAB.NS_down'}),0.03866565579984837,0.3452615617892343,0.035026535253980286,0.9058823529411765,2.623756749076442,0.021676770544919673,6.956595905989386
84,"frozenset({'GLENMARK.NS_down', 'CIPLA.NS_down', 'BIOCON.NS_down', 'CADILAHC.NS_down', 'STAR.NS_down', 'DRREDDY.NS_down', 'PFIZER.NS_down', 'AUROPHARMA.NS_down'})",frozenset({'DIVISLAB.NS_down'}),0.03381349507202426,0.3452615617892343,0.03062926459438969,0.9058295964125561,2.6236039474487516,0.018954764476270015,6.952698653380993
92,"frozenset({'GLENMARK.NS_down', 'CIPLA.NS_down', 'TORNTPHARM.NS_down', 'NATCOPHARM.NS_down', 'BIOCON.NS_down', 'CADILAHC.NS_down', 'STAR.NS_down', 'AUROPHARMA.NS_down'})",frozenset({'DIVISLAB.NS_down'}),0.03381349507202426,0.3452615617892343,0.03062926459438969,0.9058295964125561,2.6236039474487516,0.018954764476270015,6.952698653380993
105,"frozenset({'DIVISLAB.NS_down', 'TORNTPHARM.NS_down', 'NATCOPHARM.NS_down', 'BIOCON.NS_down', 'CADILAHC.NS_down', 'STAR.NS_down', 'LUPIN.NS_down', 'SUNPHARMA.NS_down'})",frozenset({'AUROPHARMA.NS_down'}),0.03381349507202426,0.48688400303260043,0.03062926459438969,0.9058295964125561,1.8604628428342598,0.014166014757199412,5.448803205891912
118,"frozenset({'GLENMARK.NS_down', 'CIPLA.NS_down', 'BIOCON.NS_down', 'STAR.NS_down', 'DRREDDY.NS_down', 'PFIZER.NS_down', 'SUNPHARMA.NS_down', 'AUROPHARMA.NS_down'})",frozenset({'LUPIN.NS_down'}),0.03381349507202426,0.37513267626990143,0.03062926459438969,0.9058295964125561,2.414691264486988,0.017944717693982107,6.635495866276766
42,"frozenset({'BIOCON.NS_down', 'CADILAHC.NS_down', 'STAR.NS_down', 'DRREDDY.NS_down', 'IPCALAB.NS_down', 'SUNPHARMA.NS_down', 'AUROPHARMA.NS_down'})",frozenset({'LUPIN.NS_down'}),0.036997725549658834,0.37513267626990143,0.03351023502653525,0.9057377049180327,2.414446307168321,0.019631179225192426,6.629027260441042
21,"frozenset({'DIVISLAB.NS_down', 'BIOCON.NS_down', 'CADILAHC.NS_down', 'LUPIN.NS_down', 'DRREDDY.NS_down', 'IPCALAB.NS_down', 'PFIZER.NS_down'})",frozenset({'AUROPHARMA.NS_down'}),0.035329795299469294,0.48688400303260043,0.03199393479909022,0.9055793991416309,1.859948968339787,0.01479242263736226,5.434364876972912
72,"frozenset({'GLENMARK.NS_down', 'CIPLA.NS_down', 'TORNTPHARM.NS_down', 'BIOCON.NS_down', 'CADILAHC.NS_down', 'LUPIN.NS_down', 'PFIZER.NS_down'})",frozenset({'DIVISLAB.NS_down'}),0.035329795299469294,0.3452615617892343,0.03199393479909022,0.9055793991416309,2.6228792873689306,0.019795914496301505,6.9342752774140175
103,"frozenset({'GLENMARK.NS_down', 'TORNTPHARM.NS_down', 'NATCOPHARM.NS_down', 'BIOCON.NS_down', 'CADILAHC.NS_down', 'STAR.NS_down', 'DRREDDY.NS_down', 'AUROPHARMA.NS_down'})",frozenset({'DIVISLAB.NS_down'}),0.03366186504927976,0.3452615617892343,0.030477634571645186,0.9054054054054054,2.622375339766644,0.018855486471992415,6.921520632513807
43,"frozenset({'TORNTPHARM.NS_down', 'BIOCON.NS_down', 'CADILAHC.NS_down', 'DRREDDY.NS_down', 'IPCALAB.NS_down', 'SUNPHARMA.NS_down', 'AUROPHARMA.NS_down'})",frozenset({'LUPIN.NS_down'}),0.03366186504927976,0.37513267626990143,0.030477634571645186,0.9054054054054054,2.4135604885402784,0.017849969047472613,6.605740279432468
61,"frozenset({'GLENMARK.NS_down', 'CIPLA.NS_down', 'NATCOPHARM.NS_down', 'BIOCON.NS_down', 'CADILAHC.NS_down', 'DRREDDY.NS_down', 'PFIZER.NS_down'})",frozenset({'DIVISLAB.NS_down'}),0.03684609552691433,0.3452615617892343,0.03335860500379075,0.9053497942386832,2.6222142700940343,0.020637064516332994,6.917453934139837
40,"frozenset({'BIOCON.NS_down', 'CADILAHC.NS_down', 'STAR.NS_down', 'LUPIN.NS_down', 'DRREDDY.NS_down', 'GRANULES.NS_down', 'PFIZER.NS_down'})",frozenset({'AUROPHARMA.NS_down'}),0.03517816527672479,0.48688400303260043,0.03184230477634572,0.9051724137931034,1.8591130703723193,0.014714618847071526,5.411041422565303
66,"frozenset({'GLENMARK.NS_down', 'CIPLA.NS_down', 'NATCOPHARM.NS_down', 'BIOCON.NS_down', 'CADILAHC.NS_down', 'GRANULES.NS_down', 'PFIZER.NS_down'})",frozenset({'DIVISLAB.NS_down'}),0.03351023502653525,0.3452615617892343,0.030326004548900682,0.9049773755656109,2.6211356134629793,0.018756208467714818,6.89034261164663
104,"frozenset({'DIVISLAB.NS_down', 'GLENMARK.NS_down', 'TORNTPHARM.NS_down', 'BIOCON.NS_down', 'CADILAHC.NS_down', 'STAR.NS_down', 'LUPIN.NS_down', 'PFIZER.NS_down'})",frozenset({'AUROPHARMA.NS_down'}),0.03351023502653525,0.48688400303260043,0.030326004548900682,0.9049773755656109,1.8587124857848658,0.014010407176617938,5.399935015704538
77,"frozenset({'GLENMARK.NS_down', 'CIPLA.NS_down', 'TORNTPHARM.NS_down', 'NATCOPHARM.NS_down', 'BIOCON.NS_down', 'DRREDDY.NS_down', 'GRANULES.NS_down'})",frozenset({'DIVISLAB.NS_down'}),0.03351023502653525,0.3452615617892343,0.030326004548900682,0.9049773755656109,2.6211356134629793,0.018756208467714818,6.89034261164663
7,"frozenset({'GLENMARK.NS_down', 'CIPLA.NS_down', 'TORNTPHARM.NS_down', 'BIOCON.NS_down', 'CADILAHC.NS_down', 'IPCALAB.NS_down', 'AUROPHARMA.NS_down'})",frozenset({'DIVISLAB.NS_down'}),0.035026535253980286,0.3452615617892343,0.03169067475360121,0.9047619047619048,2.6205115335550118,0.019597358487746304,6.87475360121304
9,"frozenset({'DIVISLAB.NS_down', 'CIPLA.NS_down', 'BIOCON.NS_down', 'CADILAHC.NS_down', 'LUPIN.NS_down', 'GRANULES.NS_down', 'PFIZER.NS_down'})",frozenset({'AUROPHARMA.NS_down'}),0.03654283548142532,0.48688400303260043,0.033055344958301744,0.9045643153526972,1.8578641107913543,0.01526322293694364,5.376563272571453
59,"frozenset({'GLENMARK.NS_down', 'CIPLA.NS_down', 'TORNTPHARM.NS_down', 'BIOCON.NS_down', 'CADILAHC.NS_down', 'DRREDDY.NS_down', 'IPCALAB.NS_down'})",frozenset({'DIVISLAB.NS_down'}),0.03335860500379075,0.3452615617892343,0.030174374526156178,0.9045454545454544,2.6198846169201895,0.018656930463437218,6.859164590779442
50,"frozenset({'DIVISLAB.NS_down', 'GLENMARK.NS_down', 'TORNTPHARM.NS_down', 'BIOCON.NS_down', 'LUPIN.NS_down', 'IPCALAB.NS_down', 'PFIZER.NS_down'})",frozenset({'AUROPHARMA.NS_down'}),0.03335860500379075,0.48688400303260043,0.030174374526156178,0.9045454545454544,1.8578253730075591,0.013932603386327201,5.375500920610846
39,"frozenset({'BIOCON.NS_down', 'CADILAHC.NS_down', 'DRREDDY.NS_down', 'IPCALAB.NS_down', 'GRANULES.NS_down', 'SUNPHARMA.NS_down', 'AUROPHARMA.NS_down'})",frozenset({'LUPIN.NS_down'}),0.03335860500379075,0.37513267626990143,0.030174374526156178,0.9045454545454544,2.4112680973028584,0.01766047175445363,6.5462291057438815
51,"frozenset({'DIVISLAB.NS_down', 'TORNTPHARM.NS_down', 'BIOCON.NS_down', 'STAR.NS_down', 'LUPIN.NS_down', 'IPCALAB.NS_down', 'PFIZER.NS_down'})",frozenset({'AUROPHARMA.NS_down'}),0.034874905231235785,0.48688400303260043,0.03153904473085671,0.9043478260869565,1.8574194684034502,0.014559011266490052,5.364394513750086
101,"frozenset({'GLENMARK.NS_down', 'TORNTPHARM.NS_down', 'BIOCON.NS_down', 'CADILAHC.NS_down', 'LUPIN.NS_down', 'DRREDDY.NS_down', 'SUNPHARMA.NS_down', 'AUROPHARMA.NS_down'})",frozenset({'DIVISLAB.NS_down'}),0.034874905231235785,0.3452615617892343,0.03153904473085671,0.9043478260869565,2.6193122147753525,0.019498080483468707,6.8449927631125504
114,"frozenset({'DIVISLAB.NS_down', 'CIPLA.NS_down', 'TORNTPHARM.NS_down', 'BIOCON.NS_down', 'STAR.NS_down', 'DRREDDY.NS_down', 'SUNPHARMA.NS_down', 'AUROPHARMA.NS_down'})",frozenset({'LUPIN.NS_down'}),0.03639120545868082,0.37513267626990143,0.03290371493555724,0.9041666666666668,2.4102583535435196,0.019252184639154464,6.520354682401036
112,"frozenset({'GLENMARK.NS_down', 'CIPLA.NS_down', 'NATCOPHARM.NS_down', 'BIOCON.NS_down', 'STAR.NS_down', 'DRREDDY.NS_down', 'PFIZER.NS_down', 'AUROPHARMA.NS_down'})",frozenset({'DIVISLAB.NS_down'}),0.033206974981046244,0.3452615617892343,0.030022744503411674,0.904109589041096,2.6186221957514393,0.01855765245915962,6.827986569912276
122,"frozenset({'GLENMARK.NS_down', 'TORNTPHARM.NS_down', 'BIOCON.NS_down', 'STAR.NS_down', 'LUPIN.NS_down', 'DRREDDY.NS_down', 'PFIZER.NS_down', 'AUROPHARMA.NS_down'})",frozenset({'DIVISLAB.NS_down'}),0.033206974981046244,0.3452615617892343,0.030022744503411674,0.904109589041096,2.6186221957514393,0.01855765245915962,6.827986569912276
2,"frozenset({'STAR.NS_up', 'PFIZER.NS_up', 'GLENMARK.NS_up', 'DRREDDY.NS_up', 'DIVISLAB.NS_up', 'TORNTPHARM.NS_up', 'LUPIN.NS_up'})",frozenset({'AUROPHARMA.NS_up'}),0.033206974981046244,0.4759666413949962,0.030022744503411674,0.904109589041096,1.89952301361135,0.014217332150795424,5.464919311166471
121,"frozenset({'DIVISLAB.NS_down', 'GLENMARK.NS_down', 'TORNTPHARM.NS_down', 'BIOCON.NS_down', 'STAR.NS_down', 'LUPIN.NS_down', 'DRREDDY.NS_down', 'PFIZER.NS_down'})",frozenset({'AUROPHARMA.NS_down'}),0.033206974981046244,0.48688400303260043,0.030022744503411674,0.904109589041096,1.8569301587437024,0.013854799596036468,5.35106682551717
8,"frozenset({'GLENMARK.NS_down', 'CIPLA.NS_down', 'TORNTPHARM.NS_down', 'BIOCON.NS_down', 'CADILAHC.NS_down', 'PFIZER.NS_down', 'AUROPHARMA.NS_down'})",frozenset({'DIVISLAB.NS_down'}),0.03790750568612585,0.3452615617892343,0.03426838514025777,0.904,2.6183047870004392,0.02118038052353168,6.820192064695478
6,"frozenset({'GLENMARK.NS_down', 'CIPLA.NS_down', 'BIOCON.NS_down', 'CADILAHC.NS_down', 'IPCALAB.NS_down', 'PFIZER.NS_down', 'AUROPHARMA.NS_down'})",frozenset({'DIVISLAB.NS_down'}),0.034723275208491285,0.3452615617892343,0.0313874147081122,0.9039301310043666,2.6181024215958706,0.019398802479191103,6.8152319250120454
25,"frozenset({'NATCOPHARM.NS_down', 'BIOCON.NS_down', 'CADILAHC.NS_down', 'STAR.NS_down', 'DRREDDY.NS_down', 'PFIZER.NS_down', 'AUROPHARMA.NS_down'})",frozenset({'DIVISLAB.NS_down'}),0.039423805913570885,0.3452615617892343,0.0356330553449583,0.9038461538461539,2.6178591939461504,0.022021530543563168,6.809279757391964
28,"frozenset({'GLENMARK.NS_down', 'NATCOPHARM.NS_down', 'BIOCON.NS_down', 'CADILAHC.NS_down', 'IPCALAB.NS_down', 'PFIZER.NS_down', 'AUROPHARMA.NS_down'})",frozenset({'DIVISLAB.NS_down'}),0.03457164518574678,0.3452615617892343,0.031235784685367703,0.9035087719298246,2.6168820161955173,0.01929952447491351,6.785471086911574
135,"frozenset({'GLENMARK.NS_down', 'CIPLA.NS_down', 'NATCOPHARM.NS_down', 'BIOCON.NS_down', 'CADILAHC.NS_down', 'STAR.NS_down', 'DRREDDY.NS_down', 'SUNPHARMA.NS_down'})",frozenset({'DIVISLAB.NS_down'}),0.03457164518574678,0.3452615617892343,0.031235784685367703,0.9035087719298246,2.6168820161955173,0.01929952447491351,6.785471086911574
100,"frozenset({'GLENMARK.NS_down', 'TORNTPHARM.NS_down', 'BIOCON.NS_down', 'CADILAHC.NS_down', 'STAR.NS_down', 'LUPIN.NS_down', 'DRREDDY.NS_down', 'AUROPHARMA.NS_down'})",frozenset({'DIVISLAB.NS_down'}),0.03608794541319181,0.3452615617892343,0.032600454890068235,0.9033613445378152,2.616455014153224,0.020140674494945,6.775119491050541
131,"frozenset({'GLENMARK.NS_down', 'CIPLA.NS_down', 'NATCOPHARM.NS_down', 'BIOCON.NS_down', 'CADILAHC.NS_down', 'STAR.NS_down', 'LUPIN.NS_down', 'DRREDDY.NS_down'})",frozenset({'DIVISLAB.NS_down'}),0.03593631539044731,0.3452615617892343,0.03244882486732373,0.9029535864978901,2.6152740021754877,0.02004139649066739,6.746652602432663
79,"frozenset({'CIPLA.NS_down', 'NATCOPHARM.NS_down', 'TORNTPHARM.NS_down', 'BIOCON.NS_down', 'STAR.NS_down', 'DRREDDY.NS_down', 'GRANULES.NS_down'})",frozenset({'DIVISLAB.NS_down'}),0.03593631539044731,0.3452615617892343,0.03244882486732373,0.9029535864978901,2.6152740021754877,0.02004139649066739,6.746652602432663
58,"frozenset({'GLENMARK.NS_down', 'CIPLA.NS_down', 'TORNTPHARM.NS_down', 'BIOCON.NS_down', 'CADILAHC.NS_down', 'DRREDDY.NS_down', 'GRANULES.NS_down'})",frozenset({'DIVISLAB.NS_down'}),0.03593631539044731,0.3452615617892343,0.03244882486732373,0.9029535864978901,2.6152740021754877,0.02004139649066739,6.746652602432663
49,"frozenset({'CIPLA.NS_down', 'BIOCON.NS_down', 'STAR.NS_down', 'DRREDDY.NS_down', 'IPCALAB.NS_down', 'SUNPHARMA.NS_down', 'AUROPHARMA.NS_down'})",frozenset({'LUPIN.NS_down'}),0.03745261561789234,0.37513267626990143,0.03381349507202426,0.902834008097166,2.4067058542444664,0.019763795141976397,6.430926206722263
57,"frozenset({'GLENMARK.NS_down', 'CIPLA.NS_down', 'TORNTPHARM.NS_down', 'NATCOPHARM.NS_down', 'LUPIN.NS_down', 'IPCALAB.NS_down', 'PFIZER.NS_down'})",frozenset({'AUROPHARMA.NS_down'}),0.03426838514025777,0.48688400303260043,0.030932524639878695,0.9026548672566371,1.8539423386974532,0.014247796105327112,5.271100696119647
110,"frozenset({'GLENMARK.NS_down', 'CIPLA.NS_down', 'TORNTPHARM.NS_down', 'BIOCON.NS_down', 'STAR.NS_down', 'LUPIN.NS_down', 'DRREDDY.NS_down', 'AUROPHARMA.NS_down'})",frozenset({'DIVISLAB.NS_down'}),0.0357846853677028,0.3452615617892343,0.03229719484457923,0.902542372881356,2.61408298162167,0.019942118486389798,6.718185713814816
0,"frozenset({'BIOCON.NS_down', 'CADILAHC.NS_down', 'DRREDDY.NS_down', 'IPCALAB.NS_down', 'PFIZER.NS_down', 'AUROPHARMA.NS_down'})",frozenset({'DIVISLAB.NS_down'}),0.04200151630022744,0.3452615617892343,0.03790750568612585,0.9025270758122744,2.614038675881401,0.02340599657079334,6.717131384606748
47,"frozenset({'GLENMARK.NS_down', 'CIPLA.NS_down', 'TORNTPHARM.NS_down', 'NATCOPHARM.NS_down', 'BIOCON.NS_down', 'PFIZER.NS_down', 'AUROPHARMA.NS_down'})",frozenset({'DIVISLAB.NS_down'}),0.03730098559514784,0.3452615617892343,0.03366186504927976,0.9024390243902439,2.6137836477179,0.020783268506421287,6.71106899166035
26,"frozenset({'TORNTPHARM.NS_down', 'BIOCON.NS_down', 'CADILAHC.NS_down', 'STAR.NS_down', 'DRREDDY.NS_down', 'PFIZER.NS_down', 'AUROPHARMA.NS_down'})",frozenset({'DIVISLAB.NS_down'}),0.038817285822592876,0.3452615617892343,0.035026535253980286,0.9023437499999999,2.613507699275362,0.02162441852645277,6.704521607278234
55,"frozenset({'GLENMARK.NS_down', 'CIPLA.NS_down', 'CADILAHC.NS_down', 'STAR.NS_down', 'LUPIN.NS_down', 'GRANULES.NS_down', 'SUNPHARMA.NS_down'})",frozenset({'AUROPHARMA.NS_down'}),0.038817285822592876,0.48688400303260043,0.035026535253980286,0.9023437499999999,1.8533033420274057,0.01612701974581566,5.254307808946165
60,"frozenset({'GLENMARK.NS_down', 'CIPLA.NS_down', 'TORNTPHARM.NS_down', 'BIOCON.NS_down', 'CADILAHC.NS_down', 'LUPIN.NS_down', 'DRREDDY.NS_down'})",frozenset({'DIVISLAB.NS_down'}),0.04033358605003791,0.3452615617892343,0.03639120545868082,0.9022556390977443,2.6132524988360224,0.02246556854648426,6.6984778678486
45,"frozenset({'TORNTPHARM.NS_down', 'BIOCON.NS_down', 'CADILAHC.NS_down', 'STAR.NS_down', 'LUPIN.NS_down', 'IPCALAB.NS_down', 'PFIZER.NS_down'})",frozenset({'AUROPHARMA.NS_down'}),0.03411675511751327,0.48688400303260043,0.030780894617134194,0.9022222222222223,1.8530537388836985,0.014169992315036378,5.2477772417120425
20,"frozenset({'NATCOPHARM.NS_down', 'BIOCON.NS_down', 'CADILAHC.NS_down', 'PFIZER.NS_down', 'DRREDDY.NS_down', 'GRANULES.NS_down', 'AUROPHARMA.NS_down'})",frozenset({'DIVISLAB.NS_down'}),0.03411675511751327,0.3452615617892343,0.030780894617134194,0.9022222222222223,2.6131557117064363,0.019001690462080712,6.696188572610106
41,"frozenset({'NATCOPHARM.NS_down', 'BIOCON.NS_down', 'CADILAHC.NS_down', 'DRREDDY.NS_down', 'IPCALAB.NS_down', 'SUNPHARMA.NS_down', 'AUROPHARMA.NS_down'})",frozenset({'LUPIN.NS_down'}),0.0356330553449583,0.37513267626990143,0.03214556482183473,0.9021276595744682,2.4048229243709045,0.018778441406607005,6.384513959851012
74,"frozenset({'GLENMARK.NS_down', 'CIPLA.NS_down', 'TORNTPHARM.NS_down', 'BIOCON.NS_down', 'CADILAHC.NS_down', 'STAR.NS_down', 'PFIZER.NS_down'})",frozenset({'DIVISLAB.NS_down'}),0.037149355572403335,0.3452615617892343,0.03351023502653525,0.9020408163265305,2.612630295860109,0.020683990502143684,6.683788223401562
37,"frozenset({'DIVISLAB.NS_down', 'TORNTPHARM.NS_down', 'BIOCON.NS_down', 'CADILAHC.NS_down', 'STAR.NS_down', 'LUPIN.NS_down', 'PFIZER.NS_down'})",frozenset({'AUROPHARMA.NS_down'}),0.0401819560272934,0.48688400303260043,0.03623957543593632,0.9018867924528303,1.8523648072956762,0.01667562383568778,5.229836122936963
53,"frozenset({'DIVISLAB.NS_down', 'TORNTPHARM.NS_down', 'NATCOPHARM.NS_down', 'BIOCON.NS_down', 'STAR.NS_down', 'LUPIN.NS_down', 'SUNPHARMA.NS_down'})",frozenset({'AUROPHARMA.NS_down'}),0.0401819560272934,0.48688400303260043,0.03623957543593632,0.9018867924528303,1.8523648072956762,0.01667562383568778,5.229836122936963
56,"frozenset({'DIVISLAB.NS_down', 'CADILAHC.NS_down', 'STAR.NS_down', 'LUPIN.NS_down', 'IPCALAB.NS_down', 'GRANULES.NS_down', 'PFIZER.NS_down'})",frozenset({'AUROPHARMA.NS_down'}),0.03396512509476876,0.48688400303260043,0.03062926459438969,0.9017857142857144,1.8521572051430355,0.014092188524745645,5.224453787304438
120,"frozenset({'DIVISLAB.NS_down', 'GLENMARK.NS_down', 'BIOCON.NS_down', 'STAR.NS_down', 'DRREDDY.NS_down', 'PFIZER.NS_down', 'SUNPHARMA.NS_down', 'AUROPHARMA.NS_down'})",frozenset({'LUPIN.NS_down'}),0.03396512509476876,0.37513267626990143,0.03062926459438969,0.9017857142857144,2.403911392770528,0.017887836317747097,6.362285477979194
111,"frozenset({'DIVISLAB.NS_down', 'GLENMARK.NS_down', 'CIPLA.NS_down', 'TORNTPHARM.NS_down', 'BIOCON.NS_down', 'DRREDDY.NS_down', 'SUNPHARMA.NS_down', 'AUROPHARMA.NS_down'})",frozenset({'LUPIN.NS_down'}),0.0354814253222138,0.37513267626990143,0.03199393479909022,0.9017094017094016,2.403707964540624,0.018683692760097508,6.357345815340997
127,"frozenset({'DIVISLAB.NS_down', 'GLENMARK.NS_down', 'CIPLA.NS_down', 'TORNTPHARM.NS_down', 'NATCOPHARM.NS_down', 'DRREDDY.NS_down', 'SUNPHARMA.NS_down', 'AUROPHARMA.NS_down'})",frozenset({'LUPIN.NS_down'}),0.0354814253222138,0.37513267626990143,0.03199393479909022,0.9017094017094016,2.403707964540624,0.018683692760097508,6.357345815340997
94,"frozenset({'GLENMARK.NS_down', 'CIPLA.NS_down', 'NATCOPHARM.NS_down', 'BIOCON.NS_down', 'CADILAHC.NS_down', 'LUPIN.NS_down', 'DRREDDY.NS_down', 'SUNPHARMA.NS_down'})",frozenset({'AUROPHARMA.NS_down'}),0.0354814253222138,0.48688400303260043,0.03199393479909022,0.9017094017094016,1.8520004684750868,0.01471859640490849,5.220397534363973
48,"frozenset({'GLENMARK.NS_down', 'CIPLA.NS_down', 'BIOCON.NS_down', 'DRREDDY.NS_down', 'IPCALAB.NS_down', 'SUNPHARMA.NS_down', 'AUROPHARMA.NS_down'})",frozenset({'LUPIN.NS_down'}),0.03851402577710387,0.37513267626990143,0.034723275208491285,0.9015748031496064,2.403349161993393,0.020275405644798343,6.348652009097806
108,"frozenset({'DIVISLAB.NS_down', 'GLENMARK.NS_down', 'CIPLA.NS_down', 'BIOCON.NS_down', 'DRREDDY.NS_down', 'PFIZER.NS_down', 'SUNPHARMA.NS_down', 'AUROPHARMA.NS_down'})",frozenset({'LUPIN.NS_down'}),0.03381349507202426,0.37513267626990143,0.030477634571645186,0.9013452914798207,2.4027373473360623,0.0177930876712376,6.3338824178096385
124,"frozenset({'DIVISLAB.NS_down', 'GLENMARK.NS_down', 'TORNTPHARM.NS_down', 'BIOCON.NS_down', 'STAR.NS_down', 'DRREDDY.NS_down', 'SUNPHARMA.NS_down', 'AUROPHARMA.NS_down'})",frozenset({'LUPIN.NS_down'}),0.035329795299469294,0.37513267626990143,0.03184230477634572,0.9012875536480688,2.4025834342396983,0.018588944113588017,6.330177670831006
123,"frozenset({'DIVISLAB.NS_down', 'GLENMARK.NS_down', 'TORNTPHARM.NS_down', 'BIOCON.NS_down', 'STAR.NS_down', 'LUPIN.NS_down', 'DRREDDY.NS_down', 'SUNPHARMA.NS_down'})",frozenset({'AUROPHARMA.NS_down'}),0.035329795299469294,0.48688400303260043,0.03184230477634572,0.9012875536480688,1.8511340443192195,0.01464079261461776,5.198088143191488
34,"frozenset({'DIVISLAB.NS_down', 'TORNTPHARM.NS_down', 'BIOCON.NS_down', 'CADILAHC.NS_down', 'LUPIN.NS_down', 'GRANULES.NS_down', 'PFIZER.NS_down'})",frozenset({'AUROPHARMA.NS_down'}),0.035329795299469294,0.48688400303260043,0.03184230477634572,0.9012875536480688,1.8511340443192195,0.01464079261461776,5.198088143191488
76,"frozenset({'GLENMARK.NS_down', 'TORNTPHARM.NS_down', 'BIOCON.NS_down', 'CADILAHC.NS_down', 'STAR.NS_down', 'DRREDDY.NS_down', 'PFIZER.NS_down'})",frozenset({'DIVISLAB.NS_down'}),0.03684609552691433,0.3452615617892343,0.033206974981046244,0.9012345679012346,2.6102951143208792,0.020485434493588486,6.629226686884003
52,"frozenset({'DIVISLAB.NS_down', 'TORNTPHARM.NS_down', 'BIOCON.NS_down', 'STAR.NS_down', 'LUPIN.NS_down', 'IPCALAB.NS_down', 'SUNPHARMA.NS_down'})",frozenset({'AUROPHARMA.NS_down'}),0.03684609552691433,0.48688400303260043,0.033206974981046244,0.9012345679012346,1.8510252180967433,0.015267200494780604,5.195299469294921
113,"frozenset({'DIVISLAB.NS_down', 'CIPLA.NS_down', 'NATCOPHARM.NS_down', 'BIOCON.NS_down', 'STAR.NS_down', 'LUPIN.NS_down', 'DRREDDY.NS_down', 'SUNPHARMA.NS_down'})",frozenset({'AUROPHARMA.NS_down'}),0.03684609552691433,0.48688400303260043,0.033206974981046244,0.9012345679012346,1.8510252180967433,0.015267200494780604,5.195299469294921
3,"frozenset({'STAR.NS_up', 'PFIZER.NS_up', 'GLENMARK.NS_up', 'DIVISLAB.NS_up', 'TORNTPHARM.NS_up', 'SUNPHARMA.NS_up', 'LUPIN.NS_up'})",frozenset({'AUROPHARMA.NS_up'}),0.03366186504927976,0.4759666413949962,0.030326004548900682,0.9009009009009008,1.8927815996946291,0.014304079698303385,5.287972982286851
96,"frozenset({'GLENMARK.NS_down', 'CIPLA.NS_down', 'TORNTPHARM.NS_down', 'BIOCON.NS_down', 'CADILAHC.NS_down', 'STAR.NS_down', 'LUPIN.NS_down', 'SUNPHARMA.NS_down'})",frozenset({'AUROPHARMA.NS_down'}),0.03366186504927976,0.48688400303260043,0.030326004548900682,0.9009009009009008,1.8503399070200688,0.013936580944164167,5.177806878489208
128,"frozenset({'DIVISLAB.NS_down', 'GLENMARK.NS_down', 'CIPLA.NS_down', 'STAR.NS_down', 'DRREDDY.NS_down', 'PFIZER.NS_down', 'SUNPHARMA.NS_down', 'AUROPHARMA.NS_down'})",frozenset({'LUPIN.NS_down'}),0.03517816527672479,0.37513267626990143,0.03169067475360121,0.9008620689655171,2.4014492097120392,0.01849419546707852,6.303009526320987
93,"frozenset({'DIVISLAB.NS_down', 'CIPLA.NS_down', 'TORNTPHARM.NS_down', 'BIOCON.NS_down', 'CADILAHC.NS_down', 'STAR.NS_down', 'LUPIN.NS_down', 'SUNPHARMA.NS_down'})",frozenset({'AUROPHARMA.NS_down'}),0.03517816527672479,0.48688400303260043,0.03169067475360121,0.9008620689655171,1.8502601509895937,0.014562988824327019,5.175778752018981
54,"frozenset({'DIVISLAB.NS_down', 'TORNTPHARM.NS_down', 'BIOCON.NS_down', 'STAR.NS_down', 'LUPIN.NS_down', 'PFIZER.NS_down', 'SUNPHARMA.NS_down'})",frozenset({'AUROPHARMA.NS_down'}),0.03821076573161486,0.48688400303260043,0.03442001516300228,0.9007936507936508,1.8501196284597095,0.01581580458465272,5.172209249431388
31,"frozenset({'GLENMARK.NS_down', 'TORNTPHARM.NS_down', 'BIOCON.NS_down', 'CADILAHC.NS_down', 'STAR.NS_down', 'PFIZER.NS_down', 'AUROPHARMA.NS_down'})",frozenset({'DIVISLAB.NS_down'}),0.03972706595905989,0.3452615617892343,0.0357846853677028,0.9007633587786259,2.6089303254918916,0.022068456529373857,6.597748877354635
130,"frozenset({'GLENMARK.NS_down', 'CIPLA.NS_down', 'TORNTPHARM.NS_down', 'NATCOPHARM.NS_down', 'STAR.NS_down', 'LUPIN.NS_down', 'DRREDDY.NS_down', 'SUNPHARMA.NS_down'})",frozenset({'AUROPHARMA.NS_down'}),0.03351023502653525,0.48688400303260043,0.030174374526156178,0.9004524886877828,1.8494189233559415,0.013858777153873434,5.154483424081605
24,"frozenset({'BIOCON.NS_down', 'CADILAHC.NS_down', 'DRREDDY.NS_down', 'IPCALAB.NS_down', 'PFIZER.NS_down', 'SUNPHARMA.NS_down', 'AUROPHARMA.NS_down'})",frozenset({'DIVISLAB.NS_down'}),0.03351023502653525,0.3452615617892343,0.030174374526156178,0.9004524886877828,2.608029935395664,0.018604578444970314,6.5771452202081475
139,"frozenset({'GLENMARK.NS_down', 'CIPLA.NS_down', 'TORNTPHARM.NS_down', 'NATCOPHARM.NS_down', 'STAR.NS_down', 'LUPIN.NS_down', 'DRREDDY.NS_down', 'SUNPHARMA.NS_down'})",frozenset({'DIVISLAB.NS_down'}),0.03351023502653525,0.3452615617892343,0.030174374526156178,0.9004524886877828,2.608029935395664,0.018604578444970314,6.5771452202081475
140,"frozenset({'DIVISLAB.NS_down', 'GLENMARK.NS_down', 'CIPLA.NS_down', 'BIOCON.NS_down', 'CADILAHC.NS_down', 'STAR.NS_down', 'LUPIN.NS_down', 'DRREDDY.NS_down', 'SUNPHARMA.NS_down'})",frozenset({'AUROPHARMA.NS_down'}),0.03351023502653525,0.48688400303260043,0.030174374526156178,0.9004524886877828,1.8494189233559415,0.013858777153873434,5.154483424081605
16,"frozenset({'GLENMARK.NS_down', 'TORNTPHARM.NS_down', 'BIOCON.NS_down', 'CADILAHC.NS_down', 'DRREDDY.NS_down', 'IPCALAB.NS_down', 'AUROPHARMA.NS_down'})",frozenset({'DIVISLAB.NS_down'}),0.035026535253980286,0.3452615617892343,0.03153904473085671,0.9004329004329005,2.6079732008585763,0.019445728465001803,6.5758512707255194
44,"frozenset({'BIOCON.NS_down', 'CADILAHC.NS_down', 'STAR.NS_down', 'LUPIN.NS_down', 'GRANULES.NS_down', 'SUNPHARMA.NS_down', 'PFIZER.NS_down'})",frozenset({'AUROPHARMA.NS_down'}),0.035026535253980286,0.48688400303260043,0.03153904473085671,0.9004329004329005,1.8493786914839547,0.014485185034036289,5.1534693608464925
115,"frozenset({'DIVISLAB.NS_down', 'GLENMARK.NS_down', 'CIPLA.NS_down', 'TORNTPHARM.NS_down', 'BIOCON.NS_down', 'STAR.NS_down', 'LUPIN.NS_down', 'SUNPHARMA.NS_down'})",frozenset({'AUROPHARMA.NS_down'}),0.035026535253980286,0.48688400303260043,0.03153904473085671,0.9004329004329005,1.8493786914839547,0.014485185034036289,5.1534693608464925
65,"frozenset({'CIPLA.NS_down', 'TORNTPHARM.NS_down', 'BIOCON.NS_down', 'CADILAHC.NS_down', 'STAR.NS_down', 'DRREDDY.NS_down', 'GRANULES.NS_down'})",frozenset({'DIVISLAB.NS_down'}),0.03654283548142532,0.3452615617892343,0.03290371493555724,0.9004149377593362,2.607921174581828,0.020286878485033293,6.574665150366448
83,"frozenset({'GLENMARK.NS_down', 'CIPLA.NS_down', 'NATCOPHARM.NS_down', 'BIOCON.NS_down', 'CADILAHC.NS_down', 'STAR.NS_down', 'DRREDDY.NS_down', 'AUROPHARMA.NS_down'})",frozenset({'DIVISLAB.NS_down'}),0.03654283548142532,0.3452615617892343,0.03290371493555724,0.9004149377593362,2.607921174581828,0.020286878485033293,6.574665150366448
46,"frozenset({'DIVISLAB.NS_down', 'GLENMARK.NS_down', 'CIPLA.NS_down', 'BIOCON.NS_down', 'DRREDDY.NS_down', 'SUNPHARMA.NS_down', 'AUROPHARMA.NS_down'})",frozenset({'LUPIN.NS_down'}),0.045640636846095525,0.37513267626990143,0.041091736163760426,0.9003322259136213,2.4000367946242247,0.023970441917021936,6.2695021480919895
5,"frozenset({'CIPLA.NS_down', 'NATCOPHARM.NS_down', 'BIOCON.NS_down', 'CADILAHC.NS_down', 'DRREDDY.NS_down', 'PFIZER.NS_down', 'AUROPHARMA.NS_down'})",frozenset({'DIVISLAB.NS_down'}),0.03790750568612585,0.3452615617892343,0.03411675511751327,0.9,2.6067193675889326,0.021028750500787178,6.5473843821076585
75,"frozenset({'GLENMARK.NS_down', 'TORNTPHARM.NS_down', 'BIOCON.NS_down', 'CADILAHC.NS_down', 'STAR.NS_down', 'DRREDDY.NS_down', 'GRANULES.NS_down'})",frozenset({'DIVISLAB.NS_down'}),0.03639120545868082,0.3452615617892343,0.032752084912812736,0.9,2.6067193675889326,0.02018760048075569,6.5473843821076585
